1,"https://api.github.com/repos/tosch/ruote-kit",1,"ruote-kit","RESTful wrapper for ruote workflow engine","Ruby","2009-12-08 11:17:27",2,0,"2019-05-30 16:35:42",84984
2,"https://api.github.com/repos/kennethkalmer/ruote-kit",4,"ruote-kit","RESTish wrapper for ruote workflow engine","Ruby","2009-06-10 20:32:21",\N,0,"2016-10-11 14:11:27",\N
3,"https://api.github.com/repos/matplotlib/basemap",23,"basemap","","C++","2011-02-19 02:58:42",\N,0,"2019-05-29 15:49:51",\N
4,"https://api.github.com/repos/jswhit/basemap",24,"basemap","","C++","2012-06-14 14:14:56",3,1,"1970-01-01 01:00:01",\N
5,"https://api.github.com/repos/funkaster/cocos2d-x",28,"cocos2d-x","Port of cocos2d-iphone in C++","C","2012-03-12 17:48:19",6,0,"2016-10-11 14:20:27",\N
6,"https://api.github.com/repos/cocos2d/cocos2d-x",31,"cocos2d-x","cocos2d-x for C++","C++","2010-11-18 23:17:00",\N,0,"2019-05-31 05:25:48",\N
7,"https://api.github.com/repos/pixonic/cocos2d-x",42,"cocos2d-x","Port of cocos2d-iphone in C++","C","2012-04-23 12:20:29",6,1,"2016-03-02 01:32:24",\N
8,"https://api.github.com/repos/NUBIC/ncs_navigator_core",65,"ncs_navigator_core","Case management and instrument administration for NCS Navigator","Ruby","2012-04-19 21:45:52",\N,0,"2016-10-11 14:11:27",\N
9,"https://api.github.com/repos/sgonyea/rake-compiler",66,"rake-compiler","Provide a standard and simplified way to build and package Ruby C and Java extensions using Rake as glue.","Ruby","2012-08-01 20:33:51",14556189,0,"2016-10-11 14:11:32",864
10,"https://api.github.com/repos/chapuni/llvm",67,"llvm","Chapuni's branch based on http://llvm.org/git/llvm.git","C++","2011-02-01 09:11:48",\N,0,"2016-10-11 14:11:27",\N
